borough,sale_year,median_price
"BARKING AND DAGENHAM",2016,289253
"BARKING AND DAGENHAM",2017,300000
"BARKING AND DAGENHAM",2018,308272
"BARKING AND DAGENHAM",2019,309621
"BARKING AND DAGENHAM",2020,319783
"BARKING AND DAGENHAM",2021,334192
"BARKING AND DAGENHAM",2022,369901
"BARKING AND DAGENHAM",2023,372618
"BARKING AND DAGENHAM",2024,360223
"BARKING AND DAGENHAM",2025,379492
"BARKING AND DAGENHAM",2026,382250
BARNET,2016,464735
BARNET,2017,503427
BARNET,2018,495975
BARNET,2019,503922
BARNET,2020,540136
BARNET,2021,555705
BARNET,2022,565473
BARNET,2023,541665
BARNET,2024,542702
BARNET,2025,551184
BARNET,2026,528350
BEXLEY,2016,321495
BEXLEY,2017,331402
BEXLEY,2018,347243
BEXLEY,2019,351253
BEXLEY,2020,367250
BEXLEY,2021,379354
BEXLEY,2022,407560
BEXLEY,2023,401628
BEXLEY,2024,414152
BEXLEY,2025,422286
BEXLEY,2026,414117
BRENT,2016,442727
BRENT,2017,484353
BRENT,2018,475197
BRENT,2019,466744
BRENT,2020,485896
BRENT,2021,501519
BRENT,2022,528919
BRENT,2023,527703
BRENT,2024,527123
BRENT,2025,519595
BRENT,2026,496708
BROMLEY,2016,414711
BROMLEY,2017,431100
BROMLEY,2018,428826
BROMLEY,2019,435866
BROMLEY,2020,462471
BROMLEY,2021,476638
BROMLEY,2022,495509
BROMLEY,2023,489941
BROMLEY,2024,487525
BROMLEY,2025,508287
BROMLEY,2026,501773
CAMDEN,2016,724350
CAMDEN,2017,747456
CAMDEN,2018,772191
CAMDEN,2019,769513
CAMDEN,2020,778731
CAMDEN,2021,773472
CAMDEN,2022,796351
CAMDEN,2023,781215
CAMDEN,2024,788104
CAMDEN,2025,739566
CAMDEN,2026,648485
"CITY OF LONDON",2016,835280
"CITY OF LONDON",2017,842550
"CITY OF LONDON",2018,914680
"CITY OF LONDON",2019,862500
"CITY OF LONDON",2020,857872
"CITY OF LONDON",2021,821285
"CITY OF LONDON",2022,934364
"CITY OF LONDON",2023,866757
"CITY OF LONDON",2024,819000
"CITY OF LONDON",2025,795000
"CITY OF LONDON",2026,644500
"CITY OF WESTMINSTER",2016,1016324
"CITY OF WESTMINSTER",2017,1048313
"CITY OF WESTMINSTER",2018,1001950
"CITY OF WESTMINSTER",2019,954000
"CITY OF WESTMINSTER",2020,969860
"CITY OF WESTMINSTER",2021,932536
"CITY OF WESTMINSTER",2022,1030425
"CITY OF WESTMINSTER",2023,1145170
"CITY OF WESTMINSTER",2024,943460
"CITY OF WESTMINSTER",2025,860343
"CITY OF WESTMINSTER",2026,668568
CROYDON,2016,332185
CROYDON,2017,361240
CROYDON,2018,368064
CROYDON,2019,376485
CROYDON,2020,393252
CROYDON,2021,399136
CROYDON,2022,413077
CROYDON,2023,396161
CROYDON,2024,400474
CROYDON,2025,412618
CROYDON,2026,404371
EALING,2016,452330
EALING,2017,471854
EALING,2018,459374
EALING,2019,455977
EALING,2020,486115
EALING,2021,487101
EALING,2022,521800
EALING,2023,502544
EALING,2024,502883
EALING,2025,513165
EALING,2026,494337
ENFIELD,2016,372682
ENFIELD,2017,394585
ENFIELD,2018,386874
ENFIELD,2019,389029
ENFIELD,2020,399529
ENFIELD,2021,429026
ENFIELD,2022,442541
ENFIELD,2023,439303
ENFIELD,2024,447987
ENFIELD,2025,450373
ENFIELD,2026,433059
GREENWICH,2016,386619
GREENWICH,2017,414407
GREENWICH,2018,424681
GREENWICH,2019,439811
GREENWICH,2020,456233
GREENWICH,2021,436628
GREENWICH,2022,472400
GREENWICH,2023,436445
GREENWICH,2024,449718
GREENWICH,2025,448727
GREENWICH,2026,443784
HACKNEY,2016,532600
HACKNEY,2017,519109
HACKNEY,2018,540987
HACKNEY,2019,596053
HACKNEY,2020,600510
HACKNEY,2021,565432
HACKNEY,2022,594878
HACKNEY,2023,591504
HACKNEY,2024,580688
HACKNEY,2025,565408
HACKNEY,2026,541417
"HAMMERSMITH AND FULHAM",2016,722533
"HAMMERSMITH AND FULHAM",2017,777855
"HAMMERSMITH AND FULHAM",2018,763885
"HAMMERSMITH AND FULHAM",2019,705873
"HAMMERSMITH AND FULHAM",2020,778943
"HAMMERSMITH AND FULHAM",2021,750214
"HAMMERSMITH AND FULHAM",2022,737309
"HAMMERSMITH AND FULHAM",2023,822917
"HAMMERSMITH AND FULHAM",2024,803112
"HAMMERSMITH AND FULHAM",2025,688719
"HAMMERSMITH AND FULHAM",2026,600706
HARINGEY,2016,445922
HARINGEY,2017,522312
HARINGEY,2018,502366
HARINGEY,2019,505575
HARINGEY,2020,514225
HARINGEY,2021,531061
HARINGEY,2022,557959
HARINGEY,2023,535637
HARINGEY,2024,542562
HARINGEY,2025,553969
HARINGEY,2026,535118
HARROW,2016,442524
HARROW,2017,479621
HARROW,2018,462151
HARROW,2019,445281
HARROW,2020,469442
HARROW,2021,504777
HARROW,2022,513810
HARROW,2023,501585
HARROW,2024,514888
HARROW,2025,520842
HARROW,2026,515944
HAVERING,2016,329842
HAVERING,2017,349536
HAVERING,2018,357163
HAVERING,2019,361727
HAVERING,2020,379651
HAVERING,2021,397988
HAVERING,2022,431536
HAVERING,2023,423494
HAVERING,2024,429368
HAVERING,2025,448193
HAVERING,2026,439141
HILLINGDON,2016,389093
HILLINGDON,2017,411852
HILLINGDON,2018,405017
HILLINGDON,2019,406628
HILLINGDON,2020,426619
HILLINGDON,2021,445259
HILLINGDON,2022,454055
HILLINGDON,2023,458959
HILLINGDON,2024,484425
HILLINGDON,2025,495701
HILLINGDON,2026,487694
HOUNSLOW,2016,378127
HOUNSLOW,2017,389210
HOUNSLOW,2018,404029
HOUNSLOW,2019,404059
HOUNSLOW,2020,429994
HOUNSLOW,2021,442707
HOUNSLOW,2022,454895
HOUNSLOW,2023,459819
HOUNSLOW,2024,470213
HOUNSLOW,2025,475228
HOUNSLOW,2026,461739
ISLINGTON,2016,607028
ISLINGTON,2017,607640
ISLINGTON,2018,574995
ISLINGTON,2019,600590
ISLINGTON,2020,645381
ISLINGTON,2021,645551
ISLINGTON,2022,647286
ISLINGTON,2023,706685
ISLINGTON,2024,662385
ISLINGTON,2025,630327
ISLINGTON,2026,593559
"KENSINGTON AND CHELSEA",2016,1213751
"KENSINGTON AND CHELSEA",2017,1266529
"KENSINGTON AND CHELSEA",2018,1346020
"KENSINGTON AND CHELSEA",2019,1185461
"KENSINGTON AND CHELSEA",2020,1243015
"KENSINGTON AND CHELSEA",2021,1224253
"KENSINGTON AND CHELSEA",2022,1361880
"KENSINGTON AND CHELSEA",2023,1263254
"KENSINGTON AND CHELSEA",2024,1223025
"KENSINGTON AND CHELSEA",2025,1113339
"KENSINGTON AND CHELSEA",2026,866941
"KINGSTON UPON THAMES",2016,460714
"KINGSTON UPON THAMES",2017,478878
"KINGSTON UPON THAMES",2018,482940
"KINGSTON UPON THAMES",2019,474399
"KINGSTON UPON THAMES",2020,504898
"KINGSTON UPON THAMES",2021,508300
"KINGSTON UPON THAMES",2022,536887
"KINGSTON UPON THAMES",2023,559678
"KINGSTON UPON THAMES",2024,525931
"KINGSTON UPON THAMES",2025,537448
"KINGSTON UPON THAMES",2026,517647
LAMBETH,2016,504221
LAMBETH,2017,515219
LAMBETH,2018,518977
LAMBETH,2019,537627
LAMBETH,2020,577974
LAMBETH,2021,551415
LAMBETH,2022,542901
LAMBETH,2023,545093
LAMBETH,2024,540729
LAMBETH,2025,538940
LAMBETH,2026,517667
LEWISHAM,2016,378835
LEWISHAM,2017,419691
LEWISHAM,2018,409269
LEWISHAM,2019,419544
LEWISHAM,2020,439262
LEWISHAM,2021,445393
LEWISHAM,2022,462927
LEWISHAM,2023,446120
LEWISHAM,2024,448924
LEWISHAM,2025,451623
LEWISHAM,2026,450019
MERTON,2016,441626
MERTON,2017,466285
MERTON,2018,465036
MERTON,2019,461802
MERTON,2020,494983
MERTON,2021,525253
MERTON,2022,538745
MERTON,2023,521651
MERTON,2024,523983
MERTON,2025,528514
MERTON,2026,503262
NEWHAM,2016,354393
NEWHAM,2017,381552
NEWHAM,2018,398393
NEWHAM,2019,415269
NEWHAM,2020,410397
NEWHAM,2021,417217
NEWHAM,2022,431623
NEWHAM,2023,419566
NEWHAM,2024,437389
NEWHAM,2025,445704
NEWHAM,2026,413625
REDBRIDGE,2016,387048
REDBRIDGE,2017,414863
REDBRIDGE,2018,421340
REDBRIDGE,2019,410480
REDBRIDGE,2020,445204
REDBRIDGE,2021,464450
REDBRIDGE,2022,482436
REDBRIDGE,2023,476535
REDBRIDGE,2024,475419
REDBRIDGE,2025,493892
REDBRIDGE,2026,485865
"RICHMOND UPON THAMES",2016,603577
"RICHMOND UPON THAMES",2017,637934
"RICHMOND UPON THAMES",2018,629282
"RICHMOND UPON THAMES",2019,633889
"RICHMOND UPON THAMES",2020,665350
"RICHMOND UPON THAMES",2021,681067
"RICHMOND UPON THAMES",2022,716755
"RICHMOND UPON THAMES",2023,708055
"RICHMOND UPON THAMES",2024,699288
"RICHMOND UPON THAMES",2025,701213
"RICHMOND UPON THAMES",2026,661667
SOUTHWARK,2016,509503
SOUTHWARK,2017,528912
SOUTHWARK,2018,553347
SOUTHWARK,2019,540488
SOUTHWARK,2020,523056
SOUTHWARK,2021,540014
SOUTHWARK,2022,550371
SOUTHWARK,2023,545840
SOUTHWARK,2024,558757
SOUTHWARK,2025,519504
SOUTHWARK,2026,485714
SUTTON,2016,344066
SUTTON,2017,363959
SUTTON,2018,378920
SUTTON,2019,384213
SUTTON,2020,396141
SUTTON,2021,417607
SUTTON,2022,429065
SUTTON,2023,430965
SUTTON,2024,450168
SUTTON,2025,451745
SUTTON,2026,430431
"TOWER HAMLETS",2016,459349
"TOWER HAMLETS",2017,486639
"TOWER HAMLETS",2018,469221
"TOWER HAMLETS",2019,487407
"TOWER HAMLETS",2020,532007
"TOWER HAMLETS",2021,554837
"TOWER HAMLETS",2022,515559
"TOWER HAMLETS",2023,489846
"TOWER HAMLETS",2024,501868
"TOWER HAMLETS",2025,485956
"TOWER HAMLETS",2026,452262
"WALTHAM FOREST",2016,413773
"WALTHAM FOREST",2017,438458
"WALTHAM FOREST",2018,445362
"WALTHAM FOREST",2019,445940
"WALTHAM FOREST",2020,460219
"WALTHAM FOREST",2021,484046
"WALTHAM FOREST",2022,498996
"WALTHAM FOREST",2023,499873
"WALTHAM FOREST",2024,510086
"WALTHAM FOREST",2025,526296
"WALTHAM FOREST",2026,535182
WANDSWORTH,2016,637753
WANDSWORTH,2017,640020
WANDSWORTH,2018,615347
WANDSWORTH,2019,618154
WANDSWORTH,2020,646166
WANDSWORTH,2021,637793
WANDSWORTH,2022,722815
WANDSWORTH,2023,669291
WANDSWORTH,2024,644639
WANDSWORTH,2025,643925
WANDSWORTH,2026,590953
